{"train_loss": [1.1420952061673144, 0.9727797401534928, 0.9240669897719697, 0.8943651398078545, 0.870404523035863, 0.8583340853577727, 0.8413192185488614, 0.8275167304152375, 0.8216882732031229, 0.8103903053357051, 0.8043729188225486, 0.7948319310408373, 0.7883416531469438, 0.7792914147143597, 0.7762333575662199, 0.7684716179654315, 0.7675551157898003, 0.7646290108207222, 0.7571360291634406, 0.7558390039830775, 0.7453706808523698, 0.744958515767451, 0.7312310866709356, 0.728095299313952, 0.7308380438397815, 0.7300942691389497, 0.7292945339963153, 0.7208335188552216, 0.721993284042065, 0.7128799578693363, 0.7038760636069558, 0.708015131383509, 0.7069433214280989, 0.7016233253312277, 0.6988001125509089, 0.6946474376591769, 0.6944800166816978, 0.686395992382423, 0.6827427808221403, 0.6787592558927469, 0.685101451440291, 0.6839349591815388, 0.6768294788907457, 0.6794808207858692, 0.6763096663668439, 0.6715803568846695, 0.6727047241984547, 0.664893681386134, 0.6702824966557376, 0.6657890179440692, 0.6648239444519256, 0.6609221365901974, 0.6593386527041455, 0.6540435592778079, 0.6491003844788025, 0.6509007595469068, 0.6470363996579097, 0.6477282990275564, 0.6463920448376582, 0.6381105076182972, 0.6459800574996255, 0.6434282272845715, 0.6352828468976321, 0.6336924659789025, 0.6366727408995995, 0.6337141832605109, 0.6346397304868364], "val_loss": [0.9455921850189354, 0.8824458248830636, 0.8518613963232932, 0.8259624904006861, 0.8071938406457614, 0.799216243903346, 0.7826431212258981, 0.7778699077819304, 0.7695351857957674, 0.7639495255263218, 0.7536894698906247, 0.7503741857744812, 0.7470481049995604, 0.7397162062241422, 0.7369592144447725, 0.7339293031987222, 0.7313852270507208, 0.731999981422243, 0.7276629762112999, 0.7292869685191171, 0.73139255870541, 0.7206732545715127, 0.714956482314459, 0.7174237567913703, 0.7129746240027922, 0.7125221854533333, 0.7176529136021428, 0.7135316466945099, 0.7279560469598665, 0.7082062321117298, 0.7081627220434923, 0.7049396725728659, 0.713331709762005, 0.7084117774540195, 0.7060063609797301, 0.7004717934150514, 0.6984715105614459, 0.699542005825345, 0.7031267946571254, 0.7075932057081425, 0.7041963866886738, 0.7015792376076929, 0.7089333452059993, 0.6998089550981053, 0.6959039525449181, 0.7019613421095532, 0.6934651560526454, 0.6965263714503184, 0.7001062651443783, 0.6992477216357852, 0.7041545566023814, 0.7097766455115305, 0.6950505734812439, 0.6996025529980848, 0.7012569879767634, 0.6992069531922862, 0.7146167657832525, 0.7016308025210481, 0.7091647556580001, 0.7132263957226144, 0.7231521303226756, 0.7115024007065738, 0.7146980554668348, 0.7138259103861172, 0.7087828967537253, 0.7124439515704776, 0.7061299587202904], "val_f1": [0.31722650824203286, 0.3468375750329638, 0.3519401085347592, 0.36423331416844695, 0.3719937014845372, 0.3683874276285721, 0.378331246909911, 0.38259684556168094, 0.37893823891936196, 0.3789873847301099, 0.3846377719988276, 0.37954861632874215, 0.38589292841260536, 0.38368908078250435, 0.3905466171638835, 0.3886495637624771, 0.3918883521050157, 0.3889404837403851, 0.38556449313133245, 0.3896586514056345, 0.3831807081067588, 0.3933465091955083, 0.39522596992613, 0.3952549664076886, 0.3952997429238313, 0.3991666878187077, 0.391725484085192, 0.3966924771427083, 0.40626334580148793, 0.4058882195657342, 0.401624655538441, 0.40012617246647286, 0.40309381233811853, 0.39961978802483616, 0.4015741067331319, 0.40671441513051815, 0.4109546293590755, 0.4045434428957284, 0.4139308506130902, 0.40734140158058213, 0.4076343609781211, 0.41613154912593064, 0.4032299866154757, 0.40853899106539543, 0.4077557831078732, 0.40438241419759857, 0.41525277160908136, 0.41084271912216613, 0.41338456940250046, 0.41758896284723096, 0.41452558337106893, 0.41778981193305775, 0.4109177426838529, 0.41675821681423003, 0.4198422144831785, 0.4197334511817881, 0.41432243402539637, 0.4181868628810893, 0.4248140966197839, 0.4257985284519181, 0.41852756015844506, 0.41897995187909676, 0.4218209597723564, 0.42279930271309907, 0.4202168202263869, 0.42539186069137935, 0.4254324455891507], "val_mae": [0.1545611470937729, 0.14787176251411438, 0.14658592641353607, 0.14408086240291595, 0.14363716542720795, 0.1443646252155304, 0.14335502684116364, 0.1445821076631546, 0.14264513552188873, 0.1422429382801056, 0.142732635140419, 0.14079686999320984, 0.1410708725452423, 0.1411009132862091, 0.1415260136127472, 0.14067082107067108, 0.14060251414775848, 0.13934144377708435, 0.14159047603607178, 0.14174124598503113, 0.14154253900051117, 0.14016307890415192, 0.13901583850383759, 0.13787217438220978, 0.14069505035877228, 0.14112284779548645, 0.13934621214866638, 0.1380932480096817, 0.13905934989452362, 0.1372508406639099, 0.13919515907764435, 0.13735178112983704, 0.13758838176727295, 0.13862089812755585, 0.1385006308555603, 0.13844922184944153, 0.1366317868232727, 0.1368701159954071, 0.13545139133930206, 0.13577024638652802, 0.13651975989341736, 0.13605357706546783, 0.1379355490207672, 0.1358904093503952, 0.13474495708942413, 0.1364714503288269, 0.13575196266174316, 0.13706086575984955, 0.13602660596370697, 0.13442277908325195, 0.1347711831331253, 0.13492873311042786, 0.13507233560085297, 0.13495968282222748, 0.13531361520290375, 0.1350886970758438, 0.13647815585136414, 0.13574032485485077, 0.13632118701934814, 0.13610242307186127, 0.13532695174217224, 0.1357923448085785, 0.1352982372045517, 0.1361185759305954, 0.13573724031448364, 0.13586297631263733, 0.13584353029727936], "lr": [0.0009998904513956854, 0.00099956185363438, 0.0009990143508499217, 0.0009982481831951274, 0.0009972636867364526, 0.0009960612933065818, 0.0009946415303150127, 0.0009930050205167172, 0.00099115248173898, 0.0009890847265665358, 0.0009868026619851433, 0.000984307288983751, 0.0009815997021154301, 0.0009786810890172674, 0.0009755527298894293, 0.0009722159969336218, 0.0009686723537511998, 0.0009649233547011815, 0.0009609706442184559, 0.000956815956092479, 0.0009524611127067767, 0.0009479080242395866, 0.0009431586878259915, 0.0009382151866819096, 0.0009330796891903268, 0.0009277544479501729, 0.0009222417987882563, 0.0009165441597346945, 0.000910664029962285, 0.000904603988690286, 0.0008983666940530858, 0.0008919548819342568, 0.0008853713647665065, 0.0008786190302980521, 0.0008717008403259583, 0.0008646198293969948, 0.0008573791034765851, 0.000849981838586426, 0.0008424312794113799, 0.0008347307378762496, 0.0008268835916930577, 0.0008188932828794705, 0.0008107633162490161, 0.0008024972578737563, 0.0007940987335200903, 0.0007855714270583738, 0.0007769190788470505, 0.0007681454840920089, 0.0007592544911818787, 0.0007502500000000002, 0.0007411359602138069, 0.0007319163695423711, 0.0007225952720028713, 0.0007131767561367538, 0.0007036649532163622, 0.0006940640354328254, 0.0006843782140659967, 0.0006746117376372467, 0.0006647688900459223, 0.0006548539886902863, 0.0006448713825737636, 0.0006348254503973252, 0.0006247205986388449, 0.0006145612596202726, 0.0006043518895634708, 0.0005940969666355695, 0.000583800988984693]}