{"mean": [0.2696669862851813, 0.27145797254830284, 0.2705624794364757, -0.10928644824887046, -0.11074926980093418, 0.3286280229358797, 0.3253795182336304, 0.33635936946761175, 0.3403227374779607, 0.23820196429970902, 0.23040613266261264, 0.47035853742511124, 9.319640448839221, 135.18192116343891, 0.08113547447232071, 0.7938418862890531, 0.065830933770341, 0.09974929828027433, 0.14432193993896872, -40.007934371007906, -4.4310280645386495, 0.9139708465337754, -0.09735293983278301, 0.024367316082665944, 0.7938418862890531, 0.065830933770341, 0.2677055772471583, 0.553174597912735, 0.09430922520716131, 2.142193420008346, 1.811514093534096, 0.8443158455828687, 0.49264568604125114, 0.28913477899500173, 0.04950899693672057, 0.026872418490792072, 0.046680053023909984, 13.763952079186073, -0.6044930067539078, -0.004856884636379631], "scale": [0.09369534108252506, 0.08471913678447895, 0.07866971238004387, 0.0373540081497573, 0.0358386915898314, 0.06544784062051133, 0.0636143409570897, 0.08016559537702264, 0.08313063493418929, 0.06711262575342362, 0.06286477530174639, 0.037456163468028165, 11.26351942315666, 101.57737652924293, 0.14294518895706, 0.1046861298282297, 0.1158084035933877, 0.03719470657339279, 0.03966755337900494, 165.97636637712893, 14.829089736615316, 0.14581137600857905, 0.03606802682739947, 0.06875780748923033, 0.1046861298282297, 0.1158084035933877, 0.11283990408315836, 0.04573498486620547, 0.05942848675817193, 0.11193206022984409, 0.25068493220129395, 0.09305355904534157, 0.13426825127161016, 0.3455792666259586, 0.06861975233126144, 0.03144202694948664, 0.059944010803660845, 176.19701672592748, 0.13313638697132557, 0.7172643637505247], "feature_names": ["left_ear", "right_ear", "avg_ear", "left_eye_h", "right_eye_h", "left_brow_h", "right_brow_h", "left_inner_brow_h", "right_inner_brow_h", "left_outer_brow_h", "right_outer_brow_h", "brow_dist", "left_brow_angle", "right_brow_angle", "mar", "mouth_w", "mouth_h", "upper_lip_h", "lower_lip_h", "lip_angle_l", "lip_angle_r", "mouth_corner_dist", "upper_lip_raise", "lip_corner_pull", "lip_stretch", "jaw_drop", "nose_tip_h", "nose_w", "nose_wrinkle", "jaw_w", "face_h", "face_ar", "chin_h", "h_asymmetry", "eye_asymmetry", "brow_asymmetry", "mouth_asymmetry", "head_roll", "head_pitch", "head_yaw"]}